{"count":1,"gauges":{"PushBlock.CumulativeReward":{"count":11898,"max":4.9972,"min":-0.99994123,"value":4.992,"weightedAverage":4.63191366}},"self":170.12063999999998,"total":922.00466899999992,"children":{"AgentSendState":{"count":132201,"self":35.6644576,"total":208.29797499999998,"children":{"CollectObservations":{"count":846112,"self":11.4229568,"total":11.422957,"children":null},"AgentInfo.ToProto":{"count":846112,"self":25.7943696,"total":161.21056099999998,"children":{"GenerateSensorData":{"count":846112,"self":66.0042368,"total":135.416191,"children":{"RayPerceptionSensor.Perceive":{"count":1692224,"self":69.4119552,"total":69.411952,"children":null}}}}}}},"DecideAction":{"count":132201,"self":532.91658239999992,"total":532.916598,"children":null},"AgentAct":{"count":132201,"self":7.8861111999999993,"total":7.97514,"children":{"AgentInfo.ToProto":{"count":417,"self":0.01341,"total":0.089029,"children":{"GenerateSensorData":{"count":417,"self":0.036078,"total":0.075618999999999992,"children":{"RayPerceptionSensor.Perceive":{"count":834,"self":0.039541,"total":0.039541,"children":null}}}}}}},"AgentInfo.ToProto":{"count":11481,"self":0.41470399999999996,"total":2.6927559999999997,"children":{"GenerateSensorData":{"count":11481,"self":0.98182099999999994,"total":2.2780519999999997,"children":{"RayPerceptionSensor.Perceive":{"count":22962,"self":1.296231,"total":1.296231,"children":null}}}}}}}