{"count":1,"gauges":{"PushBlock.CumulativeReward":{"count":10375,"max":4.998,"min":-0.99994123,"value":4.961,"weightedAverage":4.97661924}},"self":171.7420544,"total":720.242763,"children":{"AgentSendState":{"count":76301,"self":24.282531199999998,"total":145.185043,"children":{"CollectObservations":{"count":488352,"self":7.4197568,"total":7.419757,"children":null},"AgentInfo.ToProto":{"count":488352,"self":17.0930224,"total":113.482754,"children":{"GenerateSensorData":{"count":488352,"self":45.453846399999996,"total":96.389731,"children":{"RayPerceptionSensor.Perceive":{"count":976704,"self":50.9358848,"total":50.935885999999996,"children":null}}}}}}},"DecideAction":{"count":76301,"self":393.5879424,"total":393.587942,"children":null},"AgentAct":{"count":76301,"self":6.7894048,"total":6.8446099999999994,"children":{"AgentInfo.ToProto":{"count":202,"self":0.007653,"total":0.055205,"children":{"GenerateSensorData":{"count":202,"self":0.023361999999999997,"total":0.047552,"children":{"RayPerceptionSensor.Perceive":{"count":404,"self":0.02419,"total":0.02419,"children":null}}}}}}},"AgentInfo.ToProto":{"count":10173,"self":0.427228,"total":2.881309,"children":{"GenerateSensorData":{"count":10173,"self":1.037718,"total":2.454081,"children":{"RayPerceptionSensor.Perceive":{"count":20346,"self":1.416363,"total":1.416363,"children":null}}}}}}}