{"count":1,"gauges":{},"self":72333.459456,"total":72333.557242,"children":{"AgentSendState":{"count":51,"self":0.004454,"total":0.0050869999999999995,"children":{"CollectObservations":{"count":11,"self":0.000633,"total":0.000633,"children":null}}},"DecideAction":{"count":51,"self":0.068157,"total":0.085319999999999993,"children":{"RayPerceptionSensor.Perceive":{"count":22,"self":0.017162999999999998,"total":0.017162999999999998,"children":null}}},"AgentAct":{"count":51,"self":0.003044,"total":0.003044,"children":null}}}