{"count":1,"gauges":{},"self":4.534714,"total":4.547022,"children":{"AgentSendState":{"count":199,"self":0.005079,"total":0.005079,"children":null},"DecideAction":{"count":199,"self":0.0027429999999999998,"total":0.0027429999999999998,"children":null},"AgentAct":{"count":199,"self":0.002669,"total":0.002669,"children":null}}}