{"count":1,"gauges":{},"self":25.7466704,"total":25.808802999999997,"children":{"AgentSendState":{"count":1169,"self":0.027981,"total":0.027981,"children":null},"DecideAction":{"count":1169,"self":0.016336,"total":0.016336,"children":null},"AgentAct":{"count":1169,"self":0.01577,"total":0.01577,"children":null}}}