{"count":1,"gauges":{"PushBlock.CumulativeReward":{"count":233,"max":4.9974,"min":4.73179674,"value":4.9642,"weightedAverage":4.97475624}},"self":28.2791808,"total":31.316572999999998,"children":{"AgentSendState":{"count":1533,"self":0.27521599999999996,"total":0.426299,"children":{"CollectObservations":{"count":9824,"self":0.151083,"total":0.151083,"children":null}}},"DecideAction":{"count":1533,"self":1.6213899999999999,"total":2.465365,"children":{"RayPerceptionSensor.Perceive":{"count":19648,"self":0.84397499999999992,"total":0.84397499999999992,"children":null}}},"AgentAct":{"count":1533,"self":0.144119,"total":0.144119,"children":null}}}