{"count":1,"gauges":{"PushBlock.CumulativeReward":{"count":378,"max":4.9966,"min":4.746397,"value":4.9924,"weightedAverage":4.98415852}},"self":32.833999999999996,"total":36.199981,"children":{"AgentSendState":{"count":1777,"self":0.29259999999999997,"total":0.45827799999999996,"children":{"CollectObservations":{"count":11392,"self":0.165678,"total":0.165678,"children":null}}},"DecideAction":{"count":1777,"self":1.8264859999999998,"total":2.765844,"children":{"RayPerceptionSensor.Perceive":{"count":22784,"self":0.93935799999999992,"total":0.93935799999999992,"children":null}}},"AgentAct":{"count":1777,"self":0.14031,"total":0.14031,"children":null}}}