{"count":1,"gauges":{"PushBlock.CumulativeReward":{"count":330,"max":4.997,"min":4.569194,"value":4.959,"weightedAverage":4.97653}},"self":42.7018048,"total":47.445479,"children":{"AgentSendState":{"count":2357,"self":0.422379,"total":0.665067,"children":{"CollectObservations":{"count":15104,"self":0.242688,"total":0.242688,"children":null}}},"DecideAction":{"count":2357,"self":2.50567,"total":3.8671599999999997,"children":{"RayPerceptionSensor.Perceive":{"count":30208,"self":1.3614899999999999,"total":1.3614899999999999,"children":null}}},"AgentAct":{"count":2357,"self":0.21057499999999998,"total":0.21057499999999998,"children":null}}}