{"count":1,"gauges":{},"self":4.9429967999999995,"total":4.9549959999999995,"children":{"AgentSendState":{"count":225,"self":0.005946,"total":0.005946,"children":null},"DecideAction":{"count":225,"self":0.002996,"total":0.002996,"children":null},"AgentAct":{"count":225,"self":0.002987,"total":0.002987,"children":null}}}