{"count":1,"gauges":{},"self":34.073011199999996,"total":34.158425,"children":{"AgentSendState":{"count":1691,"self":0.037017999999999995,"total":0.037017999999999995,"children":null},"DecideAction":{"count":1691,"self":0.024465999999999998,"total":0.024465999999999998,"children":null},"AgentAct":{"count":1691,"self":0.023882999999999998,"total":0.023882999999999998,"children":null}}}